{
   "en":{
         "id":"M001",
         "version": 6,
         "uuid": "aaaaaaaa-bbbb-cccc-dddd-eeeeeeeeeeee",
         "name":"San Cassiano Museum",
         "gallery":[ "photo01.jpg"
         ],
         "description":"The museum was born as an exhibition hall in 2012 to become a real museum in 2018.\nAlthough there are four works on display, each one is a fundamental element for the study of the history of Italian art.\nIn fact, each work presents an aspect of uniqueness. In the center of the room the Knight of Jacopo della Quercia triumphs, a polychrome wooden work representing San Martino on horseback. On the sides of the altar two statues: the Announcing Angel and the Annunciated Madonna. The ceramic basin, originally placed at the top of the facade of the church, is displayed on a showcase, now replaced by a copy.",
         "artworks":[
            {
               "id":"0001",
               "major": 1,
               "minors": [1, 2],
               "shortTitle":"The Knight",
               "title":"The San Cassiano Knight",
               "author":"Jacopo della Quercia",
               "year": "XV century, first decade",
               "description":"The linden wooden group was discovered in 1909 by Peleo Bacci, superintendent of Pisa from 1910 to 1923, in the rooms below the Oratorio della Canonica.\nBacci found the group together with the two statues of the Annunciation, in a room reduced to a woodshed, covered by a pile of fagots.",
               "gallery":[ 
                    "0001/01.jpg", 
                    "0001/02.jpg", 
                    "0001/03.jpg", 
                    "0001/04.jpg"
               ]
            },
            {
               "id":"0002",
               "major": 2,
               "minors": [1],
               "shortTitle":"Angel",
               "title":"Announcing Angel",
               "author":"Attributed to Tuscan craftsmen",
               "year": "14th century, first half",
               "description":"The work, in poplar wood, was made known by Carlo Lodovico Ragghianti in 1908.\nIn 1909 it was proposed to the parish to give the sculpture to the Bargello National Museum, in exchange for restoration of the bell tower, but the community refused.\nIn 1918 the sculpture was sent to Florence for restoration. The sculpture returned to San Cassiano in June 1920.\nDuring this first restoration the additions in stucco and wood were probably added; the integration into the drapery of the right forearm of the Angel is particularly invasive.\nThe work was restored a second time between 1994 and 1995. The intervention made it possible to go back to the original color: red dress with blue, black and gold decorations, and a white cloak with gold edges.\nThe hair was golden.\nThe Angel is preserved almost intact with the exception of the wings and fingers of the right hand.",
               "gallery":[ 
                    "0002/01.jpg", 
                    "0002/02.jpg"
               ]
            },
            {
               "id":"0003",
               "major": 3,
               "minors": [1],
               "shortTitle":"Madonna",
               "title":"Madonna of the annunciation",
               "author":"Attributed to Tuscan craftsmen",
               "year": "14th century, first half",
               "description":"The work, in poplar wood, was made known by Carlo Ludovico Ragghianti in 1908.\nIn 1909 it was proposed to the parish to give the sculpture to the Bargello National Museum, in exchange for restoration of the bell tower, but the community refused.\nIn 1918 the sculpture was sent to Florence for restoration.\nThe author of the Annunciation and the Angel, whose name we do not know, and who is conventionally called the \"Master of San Cassiano\", appears to be marked by the Gothic sculpture of northern France but mainly by the influence of Giotto. In the Annunciation of San Cassiano, Giotto's gravitas and French grace are completely married.",
               "gallery":[ 
                    "0003/01.jpg", 
                    "0003/02.jpg"
               ]
            },
            {
               "id":"0004",
               "major": 4,
               "minors": [1],
               "shortTitle":"Ceramic Basin",
               "title":"Ceramic Basin",
               "author":"Attributed to Islamic manufacture",
               "year": "X century, end -XI, first half",
               "description":"The Ceramic Basin, in a fragmentary state, has a green and brown decoration. The figure that dominates the background represents a falconer on the back of his horse with his arm bent in the act of supporting the falcon.\n The basin, used to decorate the facade of the church of San Cassiano di Controne, was removed and replaced by a copy in 1975.\n The circulation of these products is attested throughout the Tyrrhenian area and the importation into Lucca may have taken place via Pisa, whose contacts with the Islamic world are attested at least from the tenth century. The basins were exploited to enrich the masonry structures with more lasting chromatic touches than those obtainable with painting and cheaper than those which could be obtained with polychrome stone inlays or mosaics, for the composition of which specialized workers were required.",
               "gallery":[
                    "0004/01.jpg"                  
               ]
            }            
         ]
   },
   "fr":{
      
         "name":"Musée de San Cassiano",
         "description":"Le musée est né comme salle d'exposition en 2012 pour devenir un véritable musée en 2018.\nBien qu'il y ait quatre œuvres exposées, chacune est un élément fondamental pour l'étude de l'histoire de l'art italien.\nEn fait, chaque œuvre présente un aspect d'unicité. Au centre de la salle triomphe le Chevalier de Jacopo della Quercia, une œuvre en bois polychrome représentant San Martino à cheval. Sur les côtés de l'autel deux statues : l'Ange annonçant et la Vierge Annoncée. La vasque en céramique, placée à l'origine au sommet de la façade de l'église, est exposée sur une vitrine, aujourd'hui remplacée par une copie.",
         "artworks":[
            {
               "id":"0001",
               "shortTitle":"Le chevalier",
               "title":"Le chevalier de San Cassiano",
               "author":"Jacopo della Quercia",
               "year": "XVe siècle, première décennie",
               "description": "Le groupe en bois de tilleul a été découvert en 1909 par Peleo Bacci, surintendant de Pise de 1910 à 1923, dans les salles sous l'Oratorio della Canonica.\nBacci trouva le groupe avec les deux statues de l'Annonciation, dans une pièce réduite à un bûcher, recouverte d'un tas de fagots."
            },
            {
               "id":"0002",
               "shortTitle":"Ange",
               "title":"Ange annonçant",
               "author":"Attribué aux artisans toscans",
               "year": "XIVe siècle, première moitié",               
               "description":"Le travail, en bois de peuplier, a été fait connaître par Carlo Lodovico Ragghianti en 1908.\nEn 1909, il a été proposé à la paroisse de donner la sculpture au Musée national du Bargello, en échange de la restauration du clocher, mais la communauté a refusé.\nEn 1918, la sculpture fut envoyée à Florence pour être restaurée. La sculpture est revenue à San Cassiano en juin 1920.\nLors de cette première restauration les rajouts en stuc et en bois ont probablement été ajoutés ; l'intégration dans le drapé de l'avant-bras droit de l'Ange est particulièrement envahissante.\nL'œuvre a été restaurée une seconde fois entre 1994 et 1995. L'intervention a permis de retrouver la couleur d'origine : robe rouge à décors bleus, noirs et or, et un manteau blanc à bords or.\nLes cheveux étaient dorés.\nL'Ange est conservé presque intact à l'exception des ailes et des doigts de la main droite."
            },
            {
               "id":"0003",
               "shortTitle":"Madonna",
               "title":"Madonna de l'Annonciation",               
               "author":"Attribué aux artisans toscans",
               "year": "XIVe siècle, première moitié",
               "description":"Le travail, en bois de peuplier, a été fait connaître par Carlo Ludovico Ragghianti en 1908.\nEn 1909, il a été proposé à la paroisse de donner la sculpture au Musée national du Bargello, en échange de la restauration du clocher, mais la communauté a refusé.\nEn 1918, la sculpture fut envoyée à Florence pour être restaurée.\nL'auteur de l'Annonciation et de l'Ange, dont nous ignorons le nom, et qui est conventionnellement appelé le \"Maître de San Cassiano\", semble marqué par la sculpture gothique du nord de la France mais surtout par l'influence de Giotto. Dans l'Annonciation de San Cassiano, la gravité de Giotto et la grâce française sont complètement mariées."
            },
            {
               "id":"0004",
               "author":"Attribué à la fabrication islamique",
               "shortTitle":"Bassin en céramique",
               "title":"Bassin en céramique",
               "year": "Xe siècle, fin -XI, première moitié",
               "description":"La vasque en céramique, à l'état fragmentaire, présente un décor vert et marron. La figure qui domine l'arrière-plan représente un fauconnier sur le dos de son cheval avec son bras plié dans l'acte de soutenir le faucon.\n Le bassin, utilisé pour décorer la façade de l'église de San Cassiano di Controne, a été enlevé et remplacé par une copie en 1975.\n La circulation de ces produits est attestée dans toute l'aire tyrrhénienne et l'importation à Lucques pourrait avoir eu lieu via Pise, dont les contacts avec le monde islamique sont attestés au moins dès le Xe siècle. Les bassins ont été exploités pour enrichir les structures de maçonnerie de touches chromatiques plus durables que celles obtenues avec la peinture et moins chères que celles qui pouvaient être obtenues avec des incrustations de pierre polychrome ou des mosaïques, pour la composition desquelles des ouvriers spécialisés étaient nécessaires."
            }
        ]
   },
   "it":{
      
        "name":"Museo di San Cassiano",
        "description":"Il museo nasce come sala espositiva nel 2012 per divenire vero e proprio Museo nel 2018.\nBenché le opere esposte siano quattro, ognuna è un tassello fondamentale per lo studio della Storia dell’Arte italiana.\nOgni opera presenta infatti un aspetto di unicità. Al centro della sala trionfa il Cavaliere di Jacopo della Quercia, opera lignea policroma che rappresenta San Martino a cavallo. Ai lati dell’altare due statue: l’Angelo Annunciante e la Madonna Annunciata. In una bacheca è esposto il bacino ceramico, in origine posto alla sommità della facciata della chiesa, oggi sostituito da una copia.",
        "artworks":[
            {
               "id":"0001",
               "author":"Jacopo della Quercia",
               "shortTitle":"Il cavaliere",
               "title":"Il cavaliere di San Cassiano",
               "year": "Sec. XV, primo decennio",
               "description": "Il gruppo ligneo, in tiglio, fu scoperto nel 1909 da Peleo Bacci, sopraintendente di Pisa dal 1910 al 1923, nei locali sottostanti l’Oratorio della Canonica.\nIl Bacci ritrovò il gruppo insieme alle due statue dell’Annunziazione, in una stanza ridotta a legnaia, coperto da una catasta di fascine."
            },
            {
               "id":"0002",
               "author":"Attribuito a maestranza toscana",
               "shortTitle":"Angelo",
               "year": "Sec. XIV, prima metà",               
               "title":"Angelo Annunciante",
               "description":"L’opera, in legno di pioppo, fu resa nota da Carlo Lodovico Ragghianti nel 1908.\nNel 1909 fu proposto alla parrocchia di cedere la scultura al Museo nazionale del Bargello, in cambio di restauri al campanile, ma la comunità rifiutò.\nNel 1918 la scultura venne inviata a Firenze per il restauro. La scultura tornò a San Cassiano nel giugno del 1920.\nDurante questo primo restauro furono, con molta probabilità, aggiunte le integrazioni in stucco e legno; particolarmente invasiva l’integrazione nel panneggio dell’avambraccio destro dell’Angelo.\nL’opera fu restaurata una seconda volta tra il 1994 e il 1995. L’intervento permise di risalire al colore originario: veste rossa con decorazioni azzurre, nere e oro, e un mantello bianco con bordi dorati.\nI capelli erano dorati.\nL’Angelo si conserva pressoché integro ad eccezione delle ali e delle dita della mano destra."
            },
            {
               "id":"0003",
               "author":"Attribuito a maestranza toscana",
               "year": "1500",           
               "shortTitle":"Madonna",
               "title":"Madonna Annunciata",
               "description":"L’opera, in legno di pioppo, fu resa nota da Carlo Ludovico Ragghianti nel 1908.\nNel 1909 fu proposto alla parrocchia di cedere la scultura al Museo nazionale del Bargello, in cambio di restauri al campanile, ma la comunità rifiutò.\nNel 1918 la scultura venne inviata a Firenze per il restauro.\nL’autore dell’Annunciata e dell’Angelo, di cui non conosciamo il nome, e che convenzionalmente viene chiamato \"Maestro di San Cassiano\", appare segnato dalla scultura gotica della Francia settentrionale ma principalmente dall’influenza di Giotto. Nell’Annunciata di San Cassiano la gravitas di Giotto e la grazia francese si sposano compiutamente."
            },
            {
               "id":"0004",
               "author":"Attribuito a manifattura islamica",
               "shortTitle":"Bacino Ceramico",
               "title":"Bacino Ceramico",
               "year": "Sec X, fine -XI, prima metà",               
               "description":"Il Bacino Ceramico, in stato frammentario, presenta una decorazione in verde e bruno. La figura che campeggia sul fondo rappresenta un falconiere in groppa al suo cavallo con il braccio piegato nell’atto di sostenere il falcone.\nIl bacino, impiegato per ornare la facciata della chiesa di San Cassiano di Controne, è stato rimosso e sostituito da una copia nel 1975.\n La circolazione di questi prodotti è attestata in tutta l’area tirrenica e l’importazione a Lucca può essere avvenuta tramite Pisa, i cui contatti con il mondo islamico sono attestati almeno a partire dal X secolo. I bacini furono sfruttati per arricchire le strutture murarie di tocchi cromatici più duraturi di quelli ottenibili con la pittura e più economici di quelli che si potevano avere con tarsie di pietre policrome o con mosaici, per la cui composizione erano necessarie maestranze specializzate."
            }
        ]      
   }
}