{
   "en":{
         "id":"M001",
         "version": 2,
         "uuid": "aaaaaaaa-bbbb-cccc-dddd-eeeeeeeeeeee",
         "name":"San Cassiano Museum",
         "image":"photo01.jpg",
         "description":"Museum description blah blah blah blah blah blah blah blah blah blah blah blah blah blah blah blah ",
         "artworks":[
            {
               "id":"0001",
               "major": 1,
               "minors": [1, 2],
               "shortTitle":"The Knight 1",
               "title":"The Knight 1",
               "author":"Unknown",
               "year": "1500",
               "description":"Museum is a building or institution that cares for and displays a collection of artifacts and other objects of artistic, cultural, historical, or scientific importance.",
               "gallery":[ "0001/artwork01.jpg", "0001/g01.jpg", "0001/g02.jpg", "0001/g03.jpg", "0001/g04.jpg", "0001/g05.jpg", "0001/g06.jpg",
                    "0001/g07.jpg"
               ]
            },
            {
               "id":"0002",
               "major": 2,
               "minors": [1],
               "shortTitle":"The Knight 2",
               "title":"The Knight 2",
               "author":"Unknown",
               "year": "1500",
               "description":"Museum is a building or institution that cares for and displays a collection of artifacts and other objects of artistic, cultural, historical, or scientific importance. Museum is a building or institution that cares for and displays a collection of artifacts and other objects of artistic, cultural, historical, or scientific importance. Museum is a building or institution that cares for and displays a collection of artifacts and other objects of artistic, cultural, historical, or scientific importance.",
               "gallery":[ "0002/artwork02.jpg", "0002/g01.jpg", "0002/g02.jpg"
               ]
            },
            {
               "id":"0003",
               "major": 3,
               "minors": [1],
               "shortTitle":"The Knight 3",
               "title":"The Knight 3",
               "author":"Unknown",
               "year": "1500",
               "description":"Museum is a building or institution that cares for and displays a collection of artifacts and other objects of artistic, cultural, historical, or scientific importance. Museum is a building or institution that cares for and displays a collection of artifacts and other objects of artistic, cultural, historical, or scientific importance. Museum is a building or institution that cares for and displays a collection of artifacts and other objects of artistic, cultural, historical, or scientific importance.",
               "gallery":[ "0003/artwork03.jpg", "0003/g01.jpg"
               ]
            },
            {
               "id":"0004",
               "major": 4,
               "minors": [1],
               "shortTitle":"The Knight 4",
               "title":"The Knight 4",
               "author":"Unknown",
               "year": "1500",
               "description":"Museum is a building or institution that cares for and displays a collection of artifacts and other objects of artistic, cultural, historical, or scientific importance. Museum is a building or institution that cares for and displays a collection of artifacts and other objects of artistic, cultural, historical, or scientific importance. Museum is a building or institution that cares for and displays a collection of artifacts and other objects of artistic, cultural, historical, or scientific importance. Museum is a building or institution that cares for and displays a collection of artifacts and other objects of artistic, cultural, historical, or scientific importance.",
               "gallery":[ "0004/artwork04.jpg"
                  
               ]
            },
            {
               "id":"0005",
               "major": 5,
               "minors": [1],
               "shortTitle":"The Knight 5",
               "title":"The Knight 5",
               "author":"Unknown",
               "year": "1500",
               "description":"Museum is a building or institution that cares for and displays a collection of artifacts and other objects of artistic, cultural, historical, or scientific importance. Museum is a building or institution that cares for and displays a collection of artifacts and other objects of artistic, cultural, historical, or scientific importance. Museum is a building or institution that cares for and displays a collection of artifacts and other objects of artistic, cultural, historical, or scientific importance. Museum is a building or institution that cares for and displays a collection of artifacts and other objects of artistic, cultural, historical, or scientific importance. Museum is a building or institution that cares for and displays a collection of artifacts and other objects of artistic, cultural, historical, or scientific importance.",
               "gallery":[ "0005/artwork05.jpg"
                  
               ]
            }            
         ]
   },
   "fr":{
      
         "name":"Musée de San Cassiano",
         "description":"Musée de San Cassiano: Tous mes sens sont émus d'une volupté douce et pure, comme l'haleine du matin dans cette saison délicieuse. Seul, au milieu d'une contrée qui semble fait exprès pour un coeur tel que mien, j'y goûte à longs traits l'ivresse de la vie.",
         "artworks":[
            {
               "id":"0001",
               "shortTitle":"Le chevalier 1",
               "title":"Le chevalier 1",
               "author":"Inconnu",
               "year": "1500",
               "description":"Un musée est un bâtiment ou une institution qui conserve et expose une collection d'artefacts et d'autres objets d'importance artistique, culturelle, historique ou scientifique.",
               "gallery":[
                  
               ]
            },
            {
               "id":"0002",
               "shortTitle":"Le chevalier 2",
               "title":"Le chevalier 2",
               "author":"Inconnu",
               "year": "1500",               
               "description":"Un musée est un bâtiment ou une institution qui conserve et expose une collection d'artefacts et d'autres objets d'importance artistique, culturelle, historique ou scientifique. Un musée est un bâtiment ou une institution qui conserve et expose une collection d'artefacts et d'autres objets d'importance artistique, culturelle, historique ou scientifique.",
               "gallery":[
                  
               ]
            },
            {
               "id":"0003",
               "shortTitle":"Le chevalier 3",
               "title":"Le chevalier 3",               
               "author":"Inconnu",
               "year": "1500",
               "description":"Un musée est un bâtiment ou une institution qui conserve et expose une collection d'artefacts et d'autres objets d'importance artistique, culturelle, historique ou scientifique. Un musée est un bâtiment ou une institution qui conserve et expose une collection d'artefacts et d'autres objets d'importance artistique, culturelle, historique ou scientifique. Un musée est un bâtiment ou une institution qui conserve et expose une collection d'artefacts et d'autres objets d'importance artistique, culturelle, historique ou scientifique.",
               "gallery":[
                  
               ]
            },
            {
               "id":"0004",
               "author":"Inconnu",
               "shortTitle":"Le chevalier 4",
               "title":"Le chevalier 4",
               "year": "1500",
               "description":"Un musée est un bâtiment ou une institution qui conserve et expose une collection d'artefacts et d'autres objets d'importance artistique, culturelle, historique ou scientifique. Un musée est un bâtiment ou une institution qui conserve et expose une collection d'artefacts et d'autres objets d'importance artistique, culturelle, historique ou scientifique. Un musée est un bâtiment ou une institution qui conserve et expose une collection d'artefacts et d'autres objets d'importance artistique, culturelle, historique ou scientifique. Un musée est un bâtiment ou une institution qui conserve et expose une collection d'artefacts et d'autres objets d'importance artistique, culturelle, historique ou scientifique.",
               "gallery":[
                  
               ]
            },
            {
               "id":"0005",
               "author":"Inconnu",
               "shortTitle":"Le chevalier 5",
               "title":"Le chevalier 5",
               "year": "1500",               
               "description":"Un musée est un bâtiment ou une institution qui conserve et expose une collection d'artefacts et d'autres objets d'importance artistique, culturelle, historique ou scientifique. Un musée est un bâtiment ou une institution qui conserve et expose une collection d'artefacts et d'autres objets d'importance artistique, culturelle, historique ou scientifique. Un musée est un bâtiment ou une institution qui conserve et expose une collection d'artefacts et d'autres objets d'importance artistique, culturelle, historique ou scientifique. Un musée est un bâtiment ou une institution qui conserve et expose une collection d'artefacts et d'autres objets d'importance artistique, culturelle, historique ou scientifique. Un musée est un bâtiment ou une institution qui conserve et expose une collection d'artefacts et d'autres objets d'importance artistique, culturelle, historique ou scientifique.",
               "gallery":[
                  
               ]
            }
        ]
   },
   "it":{
      
        "name":"Museo di San Cassiano",
        "description":"Museo di San Cassiano: La mia anima è pervasa da una mirabile serenità, simile a queste belle mattinate di maggio che io godo con tutto il cuore. Sono solo e mi rallegro di vivere in questo luogo che sembra esser creato per anime simili alla mia. Museo di San Cassiano: La mia anima è pervasa da una mirabile serenità, simile a queste belle mattinate di maggio che io godo con tutto il cuore. Sono solo e mi rallegro di vivere in questo luogo che sembra esser creato per anime simili alla mia. Museo di San Cassiano: La mia anima è pervasa da una mirabile serenità, simile a queste belle mattinate di maggio che io godo con tutto il cuore. Sono solo e mi rallegro di vivere in questo luogo che sembra esser creato per anime simili alla mia. Museo di San Cassiano: La mia anima è pervasa da una mirabile serenità, simile a queste belle mattinate di maggio che io godo con tutto il cuore. Sono solo e mi rallegro di vivere in questo luogo che sembra esser creato per anime simili alla mia.",
        "artworks":[
            {
               "id":"0001",
               "author":"Sconosciuto",
               "shortTitle":"Il cavaliere 1",
               "title":"Il cavaliere 1",
               "year": "1500",
               "description":"Il museo è un edificio o un'istituzione che si prende cura e mostra una collezione di manufatti e altri oggetti di importanza artistica, culturale, storica o scientifica.",
               "gallery":[
                  
               ]
            },
            {
               "id":"0002",
               "author":"Sconosciuto",
               "shortTitle":"Il cavaliere 2",
               "year": "1500",               
               "title":"Il cavaliere 2",
               "description":"Il museo è un edificio o un'istituzione che si prende cura e mostra una collezione di manufatti e altri oggetti di importanza artistica, culturale, storica o scientifica. Il museo è un edificio o un'istituzione che si prende cura e mostra una collezione di manufatti e altri oggetti di importanza artistica, culturale, storica o scientifica.",
               "gallery":[
                  
               ]
            },
            {
               "id":"0003",
               "author":"Unknown",
               "year": "1500",           
               "shortTitle":"Il cavaliere 3",
               "title":"Il cavaliere 3",
               "description":"Il museo è un edificio o un'istituzione che si prende cura e mostra una collezione di manufatti e altri oggetti di importanza artistica, culturale, storica o scientifica. Il museo è un edificio o un'istituzione che si prende cura e mostra una collezione di manufatti e altri oggetti di importanza artistica, culturale, storica o scientifica. Il museo è un edificio o un'istituzione che si prende cura e mostra una collezione di manufatti e altri oggetti di importanza artistica, culturale, storica o scientifica.",
               "gallery":[
                  
               ]
            },
            {
               "id":"0004",
               "author":"Sconosciuto",
               "shortTitle":"Il cavaliere 4",
               "title":"Il cavaliere 4",
               "year": "1500",               
               "description":"Il museo è un edificio o un'istituzione che si prende cura e mostra una collezione di manufatti e altri oggetti di importanza artistica, culturale, storica o scientifica. Il museo è un edificio o un'istituzione che si prende cura e mostra una collezione di manufatti e altri oggetti di importanza artistica, culturale, storica o scientifica. Il museo è un edificio o un'istituzione che si prende cura e mostra una collezione di manufatti e altri oggetti di importanza artistica, culturale, storica o scientifica. Il museo è un edificio o un'istituzione che si prende cura e mostra una collezione di manufatti e altri oggetti di importanza artistica, culturale, storica o scientifica.",
               "gallery":[
                  
               ]
            },
            {
               "id":"0005",
               "author":"Sconosciuto",
               "shortTitle":"Il cavaliere 5",
               "title":"Il cavaliere 5",
               "year": "1500",               
               "description":"Il museo è un edificio o un'istituzione che si prende cura e mostra una collezione di manufatti e altri oggetti di importanza artistica, culturale, storica o scientifica. Il museo è un edificio o un'istituzione che si prende cura e mostra una collezione di manufatti e altri oggetti di importanza artistica, culturale, storica o scientifica. Il museo è un edificio o un'istituzione che si prende cura e mostra una collezione di manufatti e altri oggetti di importanza artistica, culturale, storica o scientifica. Il museo è un edificio o un'istituzione che si prende cura e mostra una collezione di manufatti e altri oggetti di importanza artistica, culturale, storica o scientifica. Il museo è un edificio o un'istituzione che si prende cura e mostra una collezione di manufatti e altri oggetti di importanza artistica, culturale, storica o scientifica.",
               "gallery":[
                  
               ]
            }
        ]      
   }
}