{ 
   "en":{
         "id":"M002",
         "version": 5,         
         "uuid": "aaaaaaaa-bbbb-cccc-dddd-eeeeeeeeeeee",
         "name":"Benabbio Museum",
         "gallery":[ "museo_benabbio_1.jpg", "museo_benabbio_2.jpg", "museo_benabbio_3.jpg", "museo_benabbio_4.jpg", "museo_benabbio_5.jpg"],
         "description":"The Museum of Sacred Art of Benabbio (MABe) 1581, is the result of the secular evolution of the collection of historical-artistic treasures belonging to the Parish of Santa Maria Assunta in Benabbio. The museum organization project saw the light of day on 18 July 2010. The collection is now located in three locations: the Oratorio della Santissima Trinità, the main site of the museum, the Church of Santa Maria Assunta and the Oratorio del Santissimo Sacramento. The works on display cover a time span that goes from the late Middle Ages, with the wooden statues attributed to the workshop of Piero d'Angelo, to the full Renaissance, represented by the illustrious sculptor Matteo Civitali, up to eighteenth-century Neoclassicism painting. The oratory of the Holy Trinity dates back to 1581 and was implanted on a previous building, dating back to around 1338. The environment consists of a single large space. The back wall has a slight curvature to recall an apse to house the wooden altar. The little church was the headquarters of the Compagnia della Santissima Trinità which had the task of organizing the celebrations for the titular saint and taking care of welcoming pilgrims, for this very reason a small colonnade was created inside the building, which recalls the ancient porticoes of early Christian churches, intended precisely to welcome wayfarers and pilgrims.",
         "artworks":[
            {
               "id":"0001",
               "major": 1,
               "minors": [1],
               "year": "1394",    
               "title":"Wooden sculptural group of the Annunciation",
               "shortTitle":"Annunciation",
               "author":"Piero d’Angelo di Guarniero",
               "description":"In 1394 Pietro d'Angelo da Siena was commissioned a wooden sculptural group with the theme of the Annunciation for the Church of Santa Maria Assunta. The sculptor was the father of the more famous Jacopo della Quercia and with the help of his own sons he completed it. Unfortunately, the state of conservation of the works at the beginning of the 20th century was very bad: you can see various layers of non-authentic paint and attempts at restoration. It is hypothesized that some damage was also caused by the custom of dressing the statues for solemn celebrations and for this reason the arms had become removable. The artist's innovative style can be traced above all in the pattern of the drapery, whose folds are very spread out especially in the lower half of the body, a pattern of this type in the lower part of the figure, especially the virgin, which hides her anatomical shapes in a such as to enhance its status of purity and celestial elevation. The two characters hint at a small movement, as if to enter into dialogue with each other. Another interesting element is the fact that the clothes worn by the woman are not old-fashioned, but those typical of the noblewomen of the Tuscan courts of the time, in particular of the brides who used to wear the red dress; the angel who represents the divinity wears curial clothes",
               "gallery":[ "0001/01.jpg", "0001/02.jpg", "0001/03.jpg", "0001/04.jpg","0001/05.jpg","0001/06.jpg"]
            },
            {
               "id":"0002",
               "major": 2,
               "minors": [1],
               "title":"Wooden statue of St. Micheal",
               "shortTitle":"St. Micheal",
               "year": "End of the 14th century",    
               "author":"Workshop of Piero d'Angelo di Guarniero",
               "description":"All-round wooden sculpture, iconographically attributable to the Archangel Michael in the act of brandishing a sword. The weapon has now been lost. The sculpture was made from a single block of wood; it has been assumed that the statue rested on a base with the depiction of a lost snake. The latter was recently replaced by a neutral wooden base. On the back of the statue are clearly visible the joint holes for the wings, now absent, and the rings used during procession transport and exhibitions in the church. The archangel wears a cloak and robes richly decorated with polychrome pictorial motifs.",
               "gallery":[ "0002/01.jpg", "0002/02.jpg", "0002/03.jpg","0002/04.jpg","0002/05.jpg"]
            },
            {
               "id":"0003",
               "major": 3,
               "minors": [1],
               "year": "XVIII century",    
               "title":"Altar of the Most Holy Trinity",
               "shortTitle":"Altar",
               "author":"Lucca workshop",
               "description":"Dating back to the 80s of the sixteenth century, it was implanted on a previous building dating back to around 1338. The biggest change was the creation of a single room by opening the wall that separated the two rooms, creating a small porch that recalled the function ancient reception of small speakers spread throughout the area since ancient times. Furthermore, the end wall was slightly curved so that it resembled an apse and could house a new wooden altar which, however, went to cover the underlying frescoes which are now visible only in the central part of the altar. The original frescoes probably date back to 1606, but with the insertion of the new wooden altar in the Baroque era, the central part which was also the most significant was perhaps replaced with a painted altarpiece that reproduced its original appearance (entering in the exhibition hall on the left). The altarpiece by an unknown author represents the Trinity: the father holding the cross, the crucified son and the dove of the holy spirit, all three represented in a perfectly frontal way to highlight their importance; at the foot of the cross are the patrons of the work represented in profile because they are less important in the religious hierarchy.",
               "gallery":[ "0003/01.jpg", "0003/02.jpg","0003/03.jpg"]
            },
            {
               "id":"0004",
               "major": 4,
               "minors": [1],
               "year": "1712",    
               "title":"Last Supper",
               "shortTitle":"Last Supper",
               "author":"Giovanni Maria Corsetti",
               "description":"Painted by Giovanni Maria Corsetti in 1712, like almost all the paintings in the museum except the 17th-century San Francesco by “Lucchese” Antonio Franchi, his master. Corsetti, Giovanni Maria was born in Villa Basilica (Lucca) in the second half of the seventeenth century and was a pupil of the more famous fellow countryman Antonio Franchi, in fact he is mentioned in the literature only as the author of various frescoes, now disappeared, in the Franciscan church and convent of Colleviti at Pescia. The Franchi student explicitly declares an updated attitude to the more classical current of Tuscan painting of this period, with a decent artistic level but of no originality. The painter must not have ranged beyond the local clientele, and it is possible that there are other works of his in the area, very easily recognizable because they reproduce the same iconography in an almost identical way. In the museum we will see other works of his that he even made in various techniques and formats and are almost identical to each other (note processional banners). The painting is very particular in its setting for essentially logistical reasons, because the painter had to carry out an enormous compression of the usually horizontal iconography within a vertical blade and this led to some adaptations of the classic dispositions of the characters. In fact, the figures are very crowded and almost completely indistinguishable from each other, in fact the attributes that highlight the main characters are highlighted to make us understand the salient moments of the story: in the center we find Christ praying as the raised hand indicates, at his on the right we find St. Peter pointing to his chest with a gesture of apology probably because the salient moment chosen by the author is the same as in the famous upper room by Vinci, i.e. the one in which Jesus pronounces the fateful words \"one of you will betray me\" (Jn.) triggering exaggerated reactions in everyone present. Other elements could make us understand that we are dealing with this moment of accusation, in fact many of the apostles are looking around them suspiciously as if they wanted to look for the person responsible, or they raise their hands as a sign of detachment, even St. John the Apostle seems to faint in his arms of the master falling unconscious, with a pose very similar to the one he holds in the Milanese upper room, although in that case he is on the right of Christ like Peter and not on his left; at the same time a female figure who has her back to us and is placed in dim light (the Virgin) makes a very eloquent gesture with her hand which indicates the figure who is directly on the other side of the table or Judas, as can be seen in fact 'Apostle in this moment of chaos is the only one not to flinch and indeed tries to hide behind his back (therefore towards us) the bag of money obtained from the sale of Christ. Even the way in which Judas is portrayed distinguishes him from the others present, in fact his face is much more grim and threatening, as if to demonstrate his traitor traits and his hair and beard are dark and disheveled almost in a demonic way.In the background behind a dark colored curtain we see a very modern architecture which serves the painter to give greater depth to the image; in the foreground instead we find a red curtain slightly to one side as if someone was introducing us to the scene inviting us to concentrate our attention on the image we see and perhaps even to take part in it, as happens during the celebrations of the Mass, it also demonstrates how the scene lacks naturalness and is constructed like a theatrical performance in which the figures we see therefore assume exaggerated poses in attitudes as would actors on stage to increase expressiveness; below instead we see a jug and a basin where the water has already been poured, this makes us think that the scene could therefore be taken from the Gospel of John where the washing of the feet takes place before the announcement of the betrayal of Judas, focus on this particular previous episode it is not obvious because if we look at the feet of the only two figures we see in the foreground we can see that one is completely barefoot, while the other or Judas always wears sandals, to underline again his exclusion from the elected apostles from the lord.",
               "gallery":[ "0004/01.jpg", "0004/02.jpg"]
            },
            {
               "id":"0005",
               "major": 5,
               "minors": [1],
               "year": "End of the 15th century",    
               "title":"Marble Ciborium",
               "shortTitle":"Marble Ciborium",
               "author":"Matteo Civitali",
               "description":"The republic of Lucca starting from 1430 suffered a strong economic and political crisis following the fall of lord Paolo Guinigi, as always happens in moments of political crisis, even art struggles to flourish, in fact only in the middle of the century there was a new improvement also in the artistic field. The protagonists were two artists considered the real bearers of the instances of the Florentine Renaissance in Lucca or Baldassare di Biagio and Matteo Civitali, this happened because the merchant class in great growth in the city, in relation with the nearby areas and whose network of trades extended up to Flanders, it favored the circulation of ideas and encouraged new commissions, determining an intense renewal in the city and in the surrounding area which in the places of worship led to organically renewed internal arrangements, complete with altarpieces, wooden and marble sculptures . The sculptor was born in 1436 and his training took place in Florence, in the environment in which Andrea della Robbia, Verrocchio, Desiderio da Settignano and Mino da Fiesole moved. Florence therefore led him to experience all the branches of artistic work (he was a sculptor in marble, wood and terracotta, painter, architect and perhaps engraver) which will lead Lucca to soon become 'civitaliana'. Between the end of the 1970s and the following decade, civic interventions in the Cathedral intensified. In the notarial deeds that record the evolution of the assets of the Church of Santa Maria Assunta, the tabernacle seems to be mentioned in a payment made in the year 1494. The tabernacle is recognizable in its civic style even in comparison with other works of the same genre, it has the form of an aedicule, in the center is the oculus which was to serve as a monstrance for the consecrated host, which is surrounded by a radiant sun which refers to an ancient tradition linked to the Eucharist which is hardly found in the area in works of this size, in fact it usually characterized small liturgical furnishings in metal, but here evidently the intention was to combine the function of tabernacle and monstrance in a single monumental and solemn object. The oculus is surrounded by festoons and decorative garlands that recall the celebratory bas-reliefs dating back to the Roman era, on the sides there are two pilasters surmounted by candelabras that in some ways recall a \"grotesque\" motif that was very popular starting from 1480 when Nero's Domus Aurea was found in Rome. The architrave houses a cherub that is very similar to those that Civitali installed on the facade of the Cathedral of Lucca, an element that has also been very useful for making a certain attribution in recent years. The lunette above the architrave consists of a shell containing the symbols of the Eucharist or the chalice and the host, symbols of the blood and body of Christ.",
               "gallery":[ "0005/01.jpg", "0005/02.jpg"]
            },
            {
               "id":"0006",
               "major": 6,
               "minors": [1],
               "year": "XVII century",    
               "title":"Pair of still lifes",
               "shortTitle":"Still Lifes",
               "author":"Girolamo Scaglia",
               "description":"Girolamo Scaglia's still life, in dark tones and in the meditated management of the light, fits into the Caravaggio pictorial tradition, an artistic trend of the tenth and seventh century. The study of plant and animal data, the presence of an object such as the violin which makes the composition synesthetic recalls the works of Michelangelo Merisi da Caravaggio created for Cardinal del Monte and those of his followers such as Bartolomeo Manfredi or Paolini from Lucca. The study of everyday reality and of the natural and vegetable world is mixed, in works like this one, with symbolic meanings concerning the concepts of life and death, sin and virtue. The curious presence of the cat is due to an aesthetic taste and mimesis of nature in the context of a reconstruction of a scene that was visible in any house.",
               "gallery":[ "0006/01.jpg"]
            },
            {
               "id":"0007",
               "major": 7,
               "minors": [1],
               "year": "XIV century",    
               "title":"Church of Santa Maria Assunta",
               "shortTitle":"Church",
               "author":"-",
               "description":"Longitudinal plan building with three naves probably of late medieval foundation. The church is built in blocks of boulder sandstone arranged in a filaretto shape, the typical stone of the place. The interior of the church is divided into three naves of which the central one is twice as large as the lateral ones, all three have a trussed roof, or rather a structure made up of wooden planks that support a gabled roof. The colonnades that divide each of the naves from the others are composed of a constant rhythm of a pillar with a square base and two columns with a round base, taking up the typical alternation of sounds and accents typical of Latin and Greek poetry as a reference to the classical tradition. The capitals are of a composite order, i.e. they are not comparable to a single style, but present elements from different traditions, the acanthus leaves of the Corinthian order are very recurring, sometimes shown in a simple way, while other times they are doubled.",
               "gallery":[ "0007/01.jpg", "0007/02.jpg"]
            },
            {
               "id":"0008",
               "major": 8,
               "minors": [1],
               "year": "1469",    
               "title":"Triptych with virgin, child and saints",
               "shortTitle":"Triptych",
               "author":"Baldassarre di Biagio",
               "description":"The work dates back to 1469 and is associated with the name of Baldassarre di Biagio (1430/1484) from Florence, known and remembered in written sources as \"Master of the Benabbio polyptych\". In his youth, the author learned many techniques directly from the Florentine workshops together with his contemporary Matteo Civitali. We know with certainty that the young man had worked in the workshop of Filippino Lippi from which his pictorial technique takes inspiration. Once back in Lucca he was the bearer of the new Renaissance art in the city and executed the extraordinary triptych to which he owes his nickname. The Benabbio triptych is taken as a model of the Renaissance that is brought to Lucca, from the Florentine workshops because in its heterogeneity of influences it maintains an extraordinary unity and organicity that makes it a work without equal: Masaccio themes linked to perspective in space, sweetness of Lippi, Domenico Veneziano and Andrea del Castagno. The table must have served to decorate the high altar of the church of S. M. Assunta, it is composed of three tabernacles with painted tables mounted on a gilded and carved wooden structure in the late Gothic style. In the center is the virgin with child in majesty, i.e. sitting on a throne as if she were a queen and wearing clothes of the typical red and blue colors that indicate her half human and half divine nature; the throne that we see behind the woman appears to be in finely worked marble and recalls the contemporary works of the sculptor Matteo Civitali with whom the painter himself is said to have shared the years of his training. On both sides there are various depictions of saints: on the right, St. Peter (keys) and St. Michael (wings and dragon), while on the left, St. John the Evangelist (table and quill pen) and St. Bartholomew (knife and book). In the aedicula of the central cusp there is a representation of Christ Pantocreator holding in his hand a book depicting his eternity with the Greek letters alpha and omega, which indicate that God will be the architect of the beginning and the end of the world. In the two lateral cusps, however, the Annunciation is represented, on the left one in fact we find the angel Gabriel while on the right one the announced virgin. The lower part of the work takes the name of predella and shows the scene of the Assumption in the center, in which the virgin is carried to heaven by two angels while giving St. Thomas her girdle: a legend written in the apocryphal gospel attributed to St. James where it speaks of Mary who left her girdle to the apostle Thomas. The text reports that Thomas was not present at the time of Mary's assumption into heaven, but arrived late; to prevent Thomas' disbelief, the Virgin would have thrown her belt at him. The legend acquires a certain meaning considering the ancient use of girding one's hips in view of a demanding event, furthermore the decorative belt was part of the vestments of the priests at the service of the Temple, therefore \"Mettersi la Cinta\" and \"gird one's hips\" have taken on the meaning of getting ready to leave, getting moving, being ready. The delivery of the belt to the apostle Thomas is linked to these interpretations: in fact Thomas will later leave for the evangelization of India, where he will have to gird his hips because of the struggle he will encounter with groups belonging to other religions, dying as a martyr. In the lateral plates there are two angels holding the plaque bearing the inscription OPA (committenza), while in the lateral predellas there are 14 other half-bust saints (icon portrait and recognition). At the end of the 19th century, the English designer Nelly Erichsen attributed it to one of the last followers of Giotto, rightly recognizing the Florentine hand. If we look at the three main altarpieces we can see how the typical gold background of the medieval era blends perfectly with the naturalistic and perspective dimension, deriving from Masaccio with which the saints are arranged in space to form a semicircle with the virgin (see step on the base ), assuming a compositional continuity despite the division brought about by the uprights with twisted columns of the frame, in fact a complete and effective fusion is constituted between the instances of the late Gothic and those of the early Renaissance. In fact, the saints are arranged on staggered and foreshortened planes in a three-dimensional and not flat manner as happened in the past. The perspective vanishing point is constituted by the knot that the virgin's hands form with those of the child, an absolutely innovative gesture of affection for sacred art, which derives from the lesson of the late Gothic sculptors, who were the first to endow humanity and feeling the relationship between mother and son who until then sat solemnly and impassively. The other recognizable influences are those of Filippino Lippi and Domenico Ghirlandaio, the former recognizable above all in the use of chromatic and luminous color backgrounds, as well as in the decoration of painted fabrics and fabrics.",
               "gallery":[ "0008/01.jpg", "0008/02.jpg"]
            },
            {
               "id":"0009",
               "major": 9,
               "minors": [1],
               "year": "1773",    
               "title":"Assumption of the virgin",
               "shortTitle":"Assumption",
               "author":"Giuseppe Antonio Luchi \"Il Diecimino\"",
               "description":"Altarpiece dating back to 1773 and attributed to the local painter Giuseppe Antonio Luchi, better known as Il Diecimino, whose works, which mostly have the Virgin as the protagonist, are widespread throughout the province. Despite his Tuscan origins, the author is not among those whom Vasari counts as \"Masters of drawing\" (a school which includes all the artists who follow the pictorial techniques typical of the Florentine Renaissance which see the creation of the work starting from studies preliminaries), but among the \"Masters of colour\", as the Venetians and Venetians in general were called: in fact the young man had been one of the most promising pupils of the famous Venetian painter Giambattista Tiepolo, whose mastery in the use of of colors and the theatrical and almost pre-Baroque use of light. The iconography of the painting is the classic one elaborated during the Renaissance by great masters such as Raphael and Titian, in fact the center of the composition is the virgin who soars into the sky supported by little angels and cherubs who raise her above a carpet of clouds , the expedient of using smoke or clouds as a basis for the figures that are appearing in a dream or transfiguring was a typical expedient of Florentine painters such as Fra Bartolomeo, because it was thought that this made an otherwise transcendent reality more tangible and perceptible very difficult to explain. The Virgin's robes are red and blue to represent her semi-divine nature, which fly in the wind draped in a very clever and theatrical way as she takes flight from a sarcophagus that is in the background, as you can see this is corner placed in such a way as to help us perceive the depth in the image space, also giving it a very particular perspective and shifted with respect to the focal center of the blade. The two saints standing at the feet of the Virgin are Sant'Antonio da Padova recognizable, because he wears the typical clothes of the Franciscan order or the brown habit tied at the waist by the typical cord with Franciscan knots, as well as being characterized as a barefoot monk , from the tonsure and lily flowers typical of purity and associated with many saints. At her feet a cloud of gray smoke is visible, similar but not the same as the one raised by the Virgin, this is because Saint Anthony himself is having a vision (in the vision), in fact he holds the child Jesus in his arms, because it is said that during his ascetic journey the saint had indeed had a mystical encounter in which God had appeared to him in the form of his son still in swaddling clothes. The other saint is San Rocco a pilgrim saint very famous for his miracles of healing from pestilential diseases, whose attributes are the dog which is said to be the animal in which Divine Providence manifested itself to him to give him the powers of miracle worker, but at the same time it is also a symbol of fidelity between man and God of which San Rocco was an important example; the pilgrim's habit is moved to the thigh to show the divinity the plague caused by the plague contracted by the saint in Piacenza, the saint indicates it in a very solemn pose with both hands to demonstrate to all his Christian charity, pursued in such a convinced that they are willing to sacrifice; the stick on which he rests like his clothes recall those of medieval pilgrims who with their penitential chimneys towards the sacred places reproduced what must have been the journey of all men towards God, the short cloak and all in one piece with a the large hood that we see the saint wearing takes the name of sanrocchino, or a sort of raincoat that pilgrims used during the journey and which represents the watch over of the divine power on the path of human life; the bread that the dog offers to the saint represents the support that the divine gives to men of good will through the Eucharistic sacrifice; finally the pumpkin that we see behind his shoulders is sometimes replaced by a shell and represents the source of water supply for the pilgrim, in fact this is moved by a continuous thirst for wisdom and faith.",
               "gallery":[ "0009/01.jpg"]
            },
            {
               "id":"0010",
               "major": 10,
               "minors": [1],
               "year": "1564 ca.",    
               "title":"Baptismal font",
               "shortTitle":"Font",
               "author":"-",
               "description":"The baptismal font was granted to the church of Santa Maria Assunta in 1564, after a long struggle for independence from the parish church of the Controneria. The story goes that the concession took place because during the journey that families were forced to make to bring the children to receive baptism, many little ones, still in swaddling clothes, died from the cold during the winter and for this reason when a woman lost both her children crossing the Lima torrent, the request of the Benabbinos to become independent was accepted. In fact, it is said that the children's cemetery was located in front of the facade of the church, for children not yet baptized. The current font from 1556 has the form of a tympanum aedicule with columns of the Doric order, inside the aedicule we find a half-relief representation of the baptism of Christ in a niche surmounted by a shell (itself associated with the iconography of the baptism) and by two cherubs in the corners.",
               "gallery":[ "0010/01.jpg", "0010/02.jpg"]
            }           
         ]
   },
   "fr":{
      
         "name":"Musée de Benabbio",
         "description":"Musée de Benabbio: Tous mes sens sont émus d'une volupté douce et pure, comme l'haleine du matin dans cette saison délicieuse. Seul, au milieu d'une contrée qui semble fait exprès pour un coeur tel que mien, j'y goûte à longs traits l'ivresse de la vie.",
         "artworks":[
            {
               "id":"0001",
               "year": "1000",    
               "title":"Statue 1",
               "shortTitle":"Statue 1",
               "author":"Inconnu",
               "description":"Un musée est un bâtiment ou une institution qui conserve et expose une collection d'artefacts et d'autres objets d'importance artistique, culturelle, historique ou scientifique."
            },
            {
               "id":"0002",
               "author":"Inconnu",
               "year": "1000",    
               "title":"Statue 2",
               "shortTitle":"Statue 2",
               "description":"Un musée est un bâtiment ou une institution qui conserve et expose une collection d'artefacts et d'autres objets d'importance artistique, culturelle, historique ou scientifique. Un musée est un bâtiment ou une institution qui conserve et expose une collection d'artefacts et d'autres objets d'importance artistique, culturelle, historique ou scientifique."
            },
            {
               "id":"0003",
               "author":"Inconnu",
               "title":"Statue 3",
               "shortTitle":"Statue 3",
               "year": "1000",    
               "description":"Un musée est un bâtiment ou une institution qui conserve et expose une collection d'artefacts et d'autres objets d'importance artistique, culturelle, historique ou scientifique. Un musée est un bâtiment ou une institution qui conserve et expose une collection d'artefacts et d'autres objets d'importance artistique, culturelle, historique ou scientifique. Un musée est un bâtiment ou une institution qui conserve et expose une collection d'artefacts et d'autres objets d'importance artistique, culturelle, historique ou scientifique."
            }
        ]
   },
   "it":{
      
        "name":"Museo di Benabbio",
        "description":"Il Museo di Arte Sacra di Benabbio (MABe), è frutto dell’evoluzione secolare della raccolta di tesori storico-artistici, appartenenti alla Parrocchia di Santa Maria Assunta in Benabbio. Il progetto di organizzazione museale ha visto la luce il 18 Luglio 2010. La collezione è oggi dislocata fra tre sedi: l’Oratorio della Santissima Trinità, sede principale del museo, la Chiesa di Santa Maria Assunta e l’Oratorio del Santissimo Sacramento. Le opere in mostra ricoprono un arco temporale che va dal Basso Medioevo, con le statue lignee attribuite alla bottega di Piero d’Angelo, al pieno Rinascimento, rappresentato dall’illustre scultore Matteo Civitali, fino alla pittura del Neoclassicismo settecentesco. L’oratorio della Santissima Trinità è risalente al 1581 e fu impiantato su un edificio precedente, databile intorno al 1338. L’ambiente è costituito da un unico grande spazio. La parete di fondo presenta una leggera curvatura per richiamare un’abside per ospitare l’altare ligneo. La chiesetta ere sede della Compagnia della Santissima Trinità che aveva il compito di organizzare le celebrazioni per il santo titolare e di occuparsi dell’accoglienza dei pellegrini, proprio per questo motivo venne creato un piccolo colonnato, all’interno dell’edificio, che ricorda gli antichi portici delle chiese paleocristiane, destinati proprio ad accogliere viandanti e pellegrini.",
        "artworks":[
            {
               "id":"0001",
               "year": "1394",    
               "title":"Gruppo scultoreo ligneo dell’annunciazione",
               "shortTitle":"Annunciazione",
               "author":"Piero d’Angelo di Guarniero",
               "description":"Nel 1394 a Pietro d’Angelo da Siena viene commissionato per la Chiesa di Santa Maria Assunta un gruppo scultoreo ligneo con il tema dell’annunciazione. Lo scultore era padre del più celebre Jacopo della Quercia e con l’aiuto dei suoi stessi figli portò a termine. Purtroppo lo stato di conservazione delle opere all’inizio del ‘900 era pessimo: si vedono vari strati di vernice non autentici e tentativi di restauro. Si ipotizza che alcuni danni furono provocati anche dall’uso di vestire le statue per le feste solenni e per questo motivo le braccia erano divenute rimovibili. Lo stile innovativo dell’artista è rintracciabile soprattutto nell’andamento dei panneggi, le cui pieghe sono molto distese soprattutto nella metà inferiore del corpo, un andamento di questo tipo nella parte inferiore della figura soprattutto della vergine vanno a nascondere le sue forme anatomiche in modo tale da esaltarne lo status di purezza e di elevazione celeste. I due personaggi accennano un piccolo movimento, come a mettersi in dialogo l’una con l’altra. Un altro elemento interessante è il fatto che le vesti portate dalla donna non siano all’antica, bensì quelle tipiche delle nobildonne delle corti toscane dell’epoca, in particolare delle spose che usavano portare l’abito rosso; l’angelo che rappresenta la divinità indossa abiti curiali."
            },
            {
               "id":"0002",
               "year": "Fine del XIV secolo",    
               "author":"Bottega di Piero d’Angelo di Guarniero",
               "title":"Statua lignea di S. Michele ",
               "shortTitle":"S. Michele",
               "description":"Scultura lignea a tutto tondo, iconograficamente riconducibile a San Michele arcangelo nell’atto di brandire la spada. L’arma ad oggi è andata perduta. La scultura è stata realizzata a partire da un unico blocco di legno; si è ipotizzato che la statua poggiasse su un basamento con la raffigurazione di un serpente andato perduto. Quest’ultimo è stato sostituito in tempi recenti da un basamento neutro in legno. Sul retro della statua sono ben visibili i fori d’incastro per le ali, oggi assenti, e gli anelli usati durante i trasporti in processione e le esposizioni in chiesa. L’arcangelo indossa un mantello e delle vesti riccamente decorate con motivi pittorici policromi. Il San Michele è stato recuperato dalla chiesa del castello di Benabbio in condizioni molto diverse da quelle attuali. Sopra il livello originario di policromia, infatti, era stato steso uno strato di gesso per cambiare la conformazione della veste del santo, rendendolo più piacevole per l’estetica del periodo. Il restauro ha reso possibile il recupero dell’aspetto trecentesco della statua."
            },
            {
               "id":"0003",
               "year": "XVIII secolo",    
               "author":"Bottega lucchese ",
               "title":"Altare della santissima Trinità",
               "shortTitle":"Altare",
               "description":"Risalente agli anni 80 del XVI secolo fu impiantato su un edificio precedente databile intorno al 1338. La più grande modifica apportata fu la creazione di un unico ambiente tramite l'apertura della parete che separava le due stanze, creando un piccolo porticato che ricordasse la funzione antica di accoglienza dei piccoli oratori diffusi in tutta la zona sin dall’antichità. Inoltre fu leggermente curvata la parete terminale affinché ricordasse un’abside e potesse ospitare un nuovo altare ligneo che andò però a coprire gli affreschi sottostanti che ora sono visibili soltanto nella parte centrale dell’altare. Gli affreschi originali sono probabilmente risalenti al 1606, ma con l’inserimento del nuovo altare ligneo in epoca barocca, la parte centrale che era anche la più significativa fu forse sostituita con una pala d’altare dipinta che ne riproducesse l’aspetto originale (entrando nella sala espositiva sulla sinistra). La pala di autore ignoto rappresenta la Trinità: il padre che regge la croce, il figlio crocifisso e la colomba dello spirito santo tutti e tre rappresentati in maniera perfettamente frontale per mettere in evidenza la loro importanza; ai piedi della croce si trovano poi i committenti dell’opera rappresentati di profilo perché meno importanti nella gerarchia religiosa."
            },
            {
               "id":"0004",
               "year": "1712",    
               "author":"Giovanni Maria Corsetti",
               "title":"Ultima Cena",
               "shortTitle":"Ultima Cena",
               "description":"Dipinto  da Giovanni Maria Corsetti nel 1712, come quasi tutti i dipinti del museo tranne il San Francesco del “Lucchese” Antonio Franchi del XVII secolo, suo maestro. Corsetti, Giovanni Maria era nato a Villa Basilica (Lucca) nella seconda meta del XVII secolo e era allievo del più noto conterraneo Antonio Franchi, infatti è citato nella letteratura solo come autore di vari affreschi, oggi scomparsi, nella chiesa e convento francescani di Colleviti presso Pescia. Dichiara esplicitamente l'alunnato presso il Franchi un atteggiamento aggiornato al filone più classicheggiante della pittura toscana di quest'epoca, con un livello artistico dignitoso ma di nessuna originalità. Il pittore non deve aver spaziato oltre la committenza locale, ed è possibile che esistano altre sue opere nella zona, molto ben riconoscibili perché ripropongono in modo quasi identico le stesse iconografie. Nel museo vedremo altre sue opere che ha realizzato addirittura in varie tecniche e formati e sono fra loro quasi identiche (notare stendardi processionali). Il quadro è molto particolare nella sua impostazione per motivi essenzialmente logistici, perché il pittore ha dovuto effettuare un’enorme compressione dell’iconografia solitamente orizzontale all’interno di una pala verticale e questo ha comportato alcuni adattamenti delle disposizioni classiche dei personaggi. Le figure infatti risultano molto accalcate e quasi del tutto indistinguibili le une dalle altre, infatti gli attributi che evidenziano i personaggi principali vengono messi in evidenza per farci capire i momenti salienti della storia: al centro troviamo Cristo orante come indica la mano alzata, alla sua destra troviamo San Pietro che si indica il petto con un gesto di discolpa probabilmente perché il momento saliente scelto dall’autore è lo stesso del celebre cenacolo vinciano ovvero quello in cui Gesù pronuncia le fatidiche parole “uno di voi mi tradirà” (Gv.) scatenando reazioni esagerate in tutti i presenti. Altri elementi ci potrebbero far capire che si tratta di questo momento di accuso, infatti molti degli apostoli stanno guardando intorno a loro sospettosi come a voler cercare il responsabile, oppure alzano le mani in segno di distacco, addirittura San Giovanni Apostolo sembra svenire tra le braccia del maestro perdendo i sensi, con una posa molto simile a quella che tiene nel cenacolo milanese, anche se in quel caso si trova alla destra di Cristo come Pietro e non alla sua sinistra; contemporaneamente una figura femminile che ci da le spalle ed è posta in penombra (la Vergine) fa un gesto molto eloquente con la mano che ci indica la figura che si trova direttamente dall’altra parte del tavolo ovvero Giuda, come si può vedere infatti l’Apostolo in questo momento di caos è l’unico a non trasalire e cerca anzi di nascondersi dietro la schiena (quindi verso di noi) il sacchetto dei denari ottenuti dalla vendita di Cristo. Anche il modo in cui Giuda è ritratto lo distingue dagli altri presenti infatti il suo volto è molto più torvo e minaccioso, come a dimostrarne i tratti di traditore e i capelli e la barba sono scuri e scomposti quasi in maniera demoniaca. Sullo sfondo dietro una tenda di colore scuro vediamo un architettura molto moderna che serve al pittore per conferire maggiore profondità all’immagine; in primo piano invece troviamo in altro una tenda rossa leggermente scostata come se qualcuno ci stesse introducendo alla scena invitandoci a concentrare l’attenzione sull’immagine che vediamo e forse anche a prenderne parte, come avviene durante le celebrazioni della Messa, inoltre dimostra anche come la scena manchi di naturalezza e venga costruita come uno spettacolo teatrale in cui quindi le figure che vediamo assumono pose esagerate negli atteggiamenti come farebbero degli attori sul palco per aumentare l’espressività; in basso invece si vede una brocca e una bacinella dove l’acqua è già stata versata, questo ci fa pensare che la scena possa essere tratta quindi dal Vangelo di Giovanni dove la lavanda dei piedi avviene prima dell’annuncio del tradimento di Giuda, concentrarsi su questo particolare episodio precedente non è scontato perché se osserviamo i piedi delle uniche due figure che vediamo in primo piano possiamo notare che una è completamente scalza, mentre l’altra ovvero Giuda porta sempre i sandali, a rimarcare nuovamente la sua esclusione dagli apostoli eletti dal signore."
            },
            {
               "id":"0005",
               "year": "Fine del XV secolo",    
               "author":"Matteo Civitali",
               "title":"Ciborio Marmoreo",
               "shortTitle":"Ciborio Marmoreo",
               "description":"La repubblica di Lucca a partire dal 1430 subì una forte crisi economica e politica in seguito alla caduta di signore Paolo Guinigi, come sempre accade nei momenti di crisi politica anche l’arte fatica a fiorire, infatti soltanto alla metà del secolo si ebbe un nuovo miglioramento anche in campo artistico. I protagonisti furono due artisti considerati i veri portati delle istanze del Rinascimento fiorentino a Lucca ovvero Baldassare di Biagio e Matteo Civitali, questo accadde perché la classe mercantile in grande ascesa in città, in rapporto con le aree vicine e la cui rete di traffici si estendeva fino alle Fiandre, favorì la circolazione di idee e incentivò le nuove commissioni, determinando in città e nell’area circostante un intenso rinnovamento che negli edifici di culto portò ad assetti interni organicamente rinnovati, completi di pale d’altare, sculture lignee e in marmo. Lo scultore era nato nel 1436 e la sua formazione avvenne a Firenze, nell’ambiente in cui si muovevano Andrea della Robbia, il Verrocchio, Desiderio da Settignano e Mino da Fiesole. Firenze dunque lo portò ad esperire tutti i rami dell’operare artistico (fu scultore in marmo, legno e terracotta, pittore, architetto e forse incisore) che porterà Lucca a diventare ben presto ‘civitaliana’. Tra la fine degli anni Settanta e il decennio successivo gli interventi civitaleschi nel Duomo si intensificano. Negli atti notarili che registrano le evoluzioni del patrimonio della Chiesa di Santa Maria Assunta il tabernacolo sembra essere citato in un pagamento effettuato nell’anno 1494. Il tabernacolo è riconoscibile nel suo stile civitalesco anche al confronto con altre opere dello stesso genere, ha la forma di un’edicola, al centro si trova l’oculo che doveva servire da ostensorio per l’ostia consacrata, il quale è circondato da un sole raggiante che rimanda ad un’antichissima tradizione legata all’eucarestia che si ritrova difficilmente nella zona in opere di queste dimensioni, infatti solitamente caratterizzava piccole suppellettili liturgiche in metallo, ma qui evidentemente si voleva unire la funzione di tabernacolo e di ostensorio in un solo oggetto monumentale e solenne. L’oculo è circondato da festoni e ghirlande decorative che richiamano i basso rilevi celebrativi già di epoca romana, ai lati si trovano due lesene sormontate da candelabre che richiamano per certi versi un motivo a \"grottesca\" molto in voga a partire dal 1480 quando a Roma fu ritrovata la Domus Aurea di Nerone. L’architrave ospita un cherubino che è molto simile a quelli che Civitali mise in opera nella facciata del Duomo di Lucca, un elemento che è stato molto utile anche per effettuare un’attribuzione certa in anni recenti. La lunetta che sovrasta l’architrave è costituita da una conchiglia contenete i simboli dell’eucarestia ovvero il calice e l’ostia, simboli del sangue e corpo di Cristo."
            },
            {
               "id":"0006",
               "year": "XVII secolo",    
               "author": "Girolamo Scaglia",
               "title": "Coppia di nature morte",
               "shortTitle": "Nature morte",
               "description": "La natura morta di Girolamo Scaglia, nei toni scuri e nella meditata gestione del lume, si inserisce nella tradizione pittorica caravaggesca, tendenza artistica del secolo decimo settimo. Lo studio del dato vegetale e animale, la presenza di un oggetto come il violino che rende la composizione sinestetica richiama le opere di Michelangelo Merisi da Caravaggio realizzate per il cardinal del Monte e quelle dei seguaci come Bartolomeo Manfredi o il lucchese Paolini. Lo studio della realtà del quotidiano e del mondo naturale e vegetale si mescola, in opere come questa, a significati simbolici concernenti i concetti di vita e morte, peccato e virtù. La curiosa presenza del gatto è dovuta a gusto estetico e di mimesi della natura nel contesto di una ricostruzione di una scena che fosse visibile in una casa qualsiasi. Prima di essere esposta nel museo l’opera è stata conservata nella canonica della parrocchia di Santa Maria Assunta in Benabbio. Nelle schede di catalogo degli anni Settanta si ipotizzava l’attribuzione alla scuola fiamminga, ma negli anni 2000, a seguito di confronti stilistici con altre opere di Scaglia, l’opera è stata attribuita a quest’ultimo. Quest’opera è stata prodotta in coppia con la Natura morta con fiori dello stesso artista; i due quadri condividono stile e dimensioni."
            },
            {
               "id":"0007",
               "year": "XIV secolo",    
               "author":"-",
               "title":"Chiesa di santa Maria Assunta",
               "shortTitle":"Chiesa",
               "description":"Edificio a pianta longitudinale a tre navate probabilmente di fondazione bassomedievale. La chiesa è costruita in blocchi di arenaria macigno disposte a filaretto, la pietra tipica del luogo. L’interno della chiesa è suddiviso in tre navate di cui quella centrale è grande il doppio di quelle laterali, tutte e tre presentano una copertura a capriate, ovvero una struttura composta da assi lignee che sorreggono un tetto a capanna. I colonnati che suddivido ognuna delle navate dalle altre sono composti da un ritmo costante di un pilastro a base quadrata e due colonne base rotonda, riprendendo la tipica alternanza di suoni e accentazioni tipiche della poesia latina e greca come richiamo alla tradizione classica. I capitelli sono di ordine composito, ovvero non sono assimilabili ad un solo stile, ma presentano elementi provenienti da tradizioni diverse, molto ricorrenti sono le foglie di acanto dell’ordine corinzio a volte riportate in maniera semplice, mentre altre volte subiscono un raddoppiamento."
            },
            {
               "id":"0008",
               "year": "1469",    
               "author":"Baldassarre di Biagio",
               "title":"Trittico con vergine, bambino e santi",
               "shortTitle":"Trittico",
               "description":"L’opera  risale al 1469 e viene associata al nome di Baldassarre di Biagio (1430/1484) del Firenze, conosciuto e ricordato nelle fonti scritte proprio come \"Maestro del polittico di Benabbio\". L’autore in gioventù apprese moltissime tecniche direttamente dalle botteghe fiorentine insieme al coetaneo Matteo Civitali. Sappiamo con certezza che il giovane aveva lavorato nella bottega di Filippino Lippi da cui la sua tecnica pittorica prende ispirazione. Una volta tornato a Lucca fu portatore della nuova arte Rinascimentale in città ed eseguì lo straordinario trittico a cui deve il suo soprannome. Il trittico di Benabbio è preso come modello del rinascimento che viene portato a Lucca, dalle botteghe fiorentine perché nella sua eterogeneità di influssi mantiene una straordinaria unità e organicità che lo rende un’opera senza eguali: tematiche masaccesche legate alla prospettiva nello spazio, dolcezze del Lippi, di Domenico Veneziano e di Andrea del Castagno. La tavola doveva servire per ornare l’altare maggiore della chiesa di S. M. Assunta, è composta da tre tabernacoli con tavole dipinte montate su una struttura lignea dorata e intagliata in stile tardo gotico. Al centro si trova la vergine con il bambino in maestà, ovvero che siede in trono come se fosse una regina e indossa abiti dei tipici colori rossi e blu che ne indicano la natura per metà umana e per metà divina; il trono che vediamo alle spalle della donna sembra essere in marmo finemente lavorato e richiama i lavori contemporanei dello sculto Matteo Civitali con cui si dice che il pittore stesso avesse condiviso gli anni della formazione. Ai due lati si trovano varie raffigurazioni di santi: a destra S. Pietro (chiavi) e S. Michele (ali e drago), mentre a sinistra S. Giovanni evangelista (tavola e penna d’oca) e S. Bartolomeo (coltello e libro). Nell’edicola della cuspide centrale si trova una raffigurazione di Cristo Pantocreatore che tiene in mano un libro raffigurante la sua eternità con le lettere greche alfa e omega, che stanno ad indicare che Dio sarà artefice dell’inizio e della fine del mondo. Nelle due cuspidi laterali invece è rappresentata l’annunciazione, su quella di sinistra infatti troviamo l’angelo Gabriele mentre su quella destra la vergine annunziata. La parte inferiore dell’opera prende il nome di predella riporta al centro la scena dell’Assunzione, in cui la vergine è portata in cielo da due angeli mentre dona a San Tommaso la sua cintola: una leggenda scritta nel vangelo apocrifo attribuito a San Giacomo dove si parla di Maria che lasciò la sua cintura all’apostolo Tommaso. Il testo riferisce che Tommaso non era presente al momento dell’assunzione di Maria in cielo, ma arrivò in ritardo; la Vergine per prevenire l’incredulità di Tommaso gli avrebbe gettato la propria cintura. La leggenda acquista un certo significato considerando l’uso antico di cingersi i fianchi in vista di un avvenimento impegnativo, inoltre la cintura decorativa faceva parte dei paramenti dei sacerdoti a servizio del Tempio, quindi \"Mettersi la cintura\" e \"cingersi i fianchi\" ha assunto il significato di prepararsi a partire, mettersi in movimento, essere pronti. La consegna della cintura all’apostolo Tommaso si lega a queste interpretazioni: infatti Tommaso in seguito partirà per l’evangelizzazione dell’India, dove dovrà cingersi i fianchi a causa della lotta che incontrerà con i gruppi appartenenti alle altre religioni, morendo martire. Nei piastrini laterali si trovano due angeli che tengono la targa che riporta la scritta OPA (committenza), mentre nelle predelle laterali si trovano altri 14 Santi a mezzo busto (ritratto ad icona e riconoscimento). La disegnatrice inglese Nelly Erichsen lo attribuiva alla fine dell’800 a uno degli ultimi seguaci di Giotto, riconoscendo giustamente la mano fiorentina. Se osserviamo le tre pale principali possiamo notare come il tipico fondo oro di epoca medievale si fonda perfettamente con la dimensione naturalistica e prospettica, derivante da Masaccio con cui i santi sono disposti nello spazio a formare un semicerchio con la vergine (vd. scalino sulla base), assumendo una continuità compositiva nonostante la divisione portata dai montanti a colonne tortili della cornice, si costituisce infatti una fusione completa ed efficace tra le istanze del tardogotico e quelle del primo Rinascimento. I santi infatti sono disposti su piani sfalsati e di scorcio in maniera tridimensionale e non piatta come accadeva in passato. Il punto di fuga prospettico è costituito dal nodo che le mani della vergine formano con quelle del bambino, un gesto di affetto assolutamente innovativo per l’arte sacra, che deriva dalla lezione degli scultori tardogotici, che furono i primi a dotare di umanità e sentimento il rapporto tra madre e figlio che fino ad allora sedevano in maniera ieratica e impassibile.  Le altre influenze riconoscibili sono quelle di Filippino Lippi e di Domenico Ghirlandaio, le prime riconoscibili soprattutto nell’uso di campiture di colore cromatiche e luminose, oltre che nella decorazione delle stoffe e dei tessuti dipinti."
            },
            {
               "id":"0009",
               "year": "1773",    
               "author":"Giuseppe Antonio Luchi \"Il Diecimino\"",
               "title":"Assunzione della Vergine",
               "shortTitle":"Assunzione",
               "description":"Pala risalente al 1773 e attribuita al pittore locale Giuseppe Antonio Luchi, meglio conosciuto come il Diecimino, le cui opere, che hanno per la maggior parte la Vergine come protagonista, sono diffuse in tutta la provincia. L’autore nonostante la sua origine toscana non è tra quelli che Vasari annovera come \"Maestri del disegno\" (scuola di cui fanno parte tutti gli artisti che seguono le tecniche pittoriche tipiche del rinascimento fiorentino che vedono la creazione dell’opera a partire da studi preliminari), bensì fra i \"Maestri del colore\", come venivano chiamati i veneziani e veneti in generale: infatti il giovane era stato uno dei più promettenti allievi del celebre pittore veneziano Giambattista Tiepolo, di cui sono rintracciabili anche qui la maestria nell’uso dei colori e l’uso teatrale e quasi prebarocco della luce. L’iconografia del quadro è quella classica elaborata durante il Rinascimento dai grandi maestri come Raffaello e Tiziano, infatti il centro della composizione è la vergine che si innalza in volo verso il cielo sostenuta da piccoli angeli e cherubini che la elevano sopra un tappeto di nuvole, l’espediente di utilizzare il fumo o le nuvole come base per le figure che stanno apparendo in sogno o trasfigurando era un espediente tipico dei pittori fiorentini come ad esempio Fra Bartolomeo, perché si pensava che questo rendesse più tangibile e percepibile una realtà trascendente altrimenti molto difficile da spiegare. Le vesti della Vergine sono di colore rosso e blu per rappresentare la sua natura semidivina, le quali volano al vento panneggiate in maniera molto sapiente e teatrale mentre si alza in volo da un sarcofago che si trova in secondo piano, come si può vedere questo è posto d’angolo in modo tale da aiutarci a percepire la profondità nello spazio dell’immagine, conferendogli anche una prospettiva molto particolare e spostata rispetto al centro focale della pala. I due santi che stanno ai piedi della Vergine sono Sant’Antonio da Padova riconoscibile, perché indossa gli abiti tipici dell’ordine francescano ovvero il saio marrone legato in vita dal tipico cordone con i nodi francescani, oltre che essere caratterizzato come monaco dai piedi scalzi, dalla tonsura e dai fiori di giglio tipici della purezza ed associati a molti santi. Ai suoi piedi è visibile una nube di fumo grigio, simile ma non uguale a quello che solleva la Vergine, questo perché Sant’Antonio stesso sta avendo una visione (nella visione), infatti stringe fra le braccia il bambino Gesù, perché si dice che durante il suo percorso ascetico il santo avesse appunto avuto un incontro mistico in cui Dio gli era apparso sotto le sembianze del figlio ancora in fasce. L’altro santo è San Rocco un santo pellegrino molto famoso per i suoi miracoli di guarigione dalle malattie pestilenziali, i cui attributi sono il cane che si dice fosse l’animale in cui la Divina Provvidenza si era manifestata a lui per donargli i poteri di taumaturgo, ma allo stesso tempo è anche simbolo di fedeltà fra l’uomo e Dio di cui San Rocco fu un importante esempio; l’abito da pellegrino è spostato sulla coscia per mostrare alla divinità la piaga dovuta alla peste contratta dal santo a Piacenza, il santo la indica in una posa molto solenne con entrambe le mani per dimostrare a tutti la sua carità cristiana, perseguita in maniera talmente convinta da essere disposti a sacrificarsi; il bastono su cui si poggia come i suoi abiti richiamano quelli dei pellegrini medievali che con i loro camini di penitenza verso i luoghi sacri riproducevano quello che doveva essere il viaggio di tutti gli uomini verso Dio, il mantello corto e tutto di un pezzo con un grande cappuccio che vediamo indossare al santo prende il nome si sanrocchino, ovvero una sorta di impermeabile che i pellegrini usavano durante il viaggio e che rappresenta il vegliare della potenza divina sul cammino della vita umana; il pane che il cane porge al santo rappresenta il sostegno che il divino dona agli uomini di buona volontà tramite il sacrificio eucaristico; infine la zucca che vediamo dietro le sue spalle a volte viene sostituita da una conchiglia e rappresenta la fonte di approvvigionamento d’acqua per il pellegrino, infatti questo è mosso da una continua sete si sapienza e di fede."
            },
            {
               "id":"0010",
               "year": "1564 ca.",    
               "author":"-",
               "title":"Fonte battesimale",
               "shortTitle":"Fonte",
               "description":"Il fonte battesimale fu concesso alla chiesa di Santa Maria Assunta nel 1564, dopo una lunga lotta per l’indipendenza dalla pievania della Controneria. La storia narra che la concessione avvenne perché durante il viaggio che le famiglie erano costrette a compiere per portare i bambini a ricevere il battesimo moltissimi piccoli, ancora in fasce morivano per il freddo durante l’inverno e per questo quando una donna perse entrambi i figli attraversando il torrente Lima, venne accettata la richiesta dei benabbini di divenire indipendenti. Davanti alla facciata della chiesa si dice infatti che si trovasse il cimitero infantile, per i bambini non ancora battezzati. Il fonte odierno del 1556 ha la forma di un’edicola timpanata con colonne di ordine dorico, all’interno dell’edicola troviamo una rappresentazione a mezzo rilievo del battesimo di Cristo in una nicchia sormontata da una conchiglia (associabile essa stessa all’iconografia del battesimo) e da due cherubini negli angoli."
            }
        ]      
   }
}