{ 
   "en":{
         "id":"M002",
         "version": 1,         
         "uuid": "00000002-bbbb-cccc-dddd-eeeeeeeeeeee",
         "name":"Benabbio Museum",
         "image":"photo01.jpg",
         "description":"Museum description blah blah blah blah blah blah blah blah blah blah blah blah blah blah blah blah ",
         "artworks":[
            {
               "id":"0001",
               "major": 1,
               "minors": [1],
               "year": "1000",    
               "title":"Statue 1",
               "shortTitle":"Statue 1",
               "image":"0001/a01.jpg",
               "author":"Unknown",
               "description":"Museum is a building or institution that cares for and displays a collection of artifacts and other objects of artistic, cultural, historical, or scientific importance.",
               "gallery":[ "0001/g01.jpg", "0001/g02.jpg", "0001/g03.jpg"
               ]
            },
            {
               "id":"0002",
               "major": 2,
               "minors": [1],
               "title":"Statue  2",
               "shortTitle":"Statue 2",
               "year": "1000",    
               "image":"0002/a02.jpg",
               "author":"Unknown",
               "description":"Museum is a building or institution that cares for and displays a collection of artifacts and other objects of artistic, cultural, historical, or scientific importance. Museum is a building or institution that cares for and displays a collection of artifacts and other objects of artistic, cultural, historical, or scientific importance. Museum is a building or institution that cares for and displays a collection of artifacts and other objects of artistic, cultural, historical, or scientific importance.",
               "gallery":[ "0002/g01.jpg", "0002/g02.jpg"
               ]
            },
            {
               "id":"0003",
               "major": 3,
               "minors": [1],
               "year": "1000",    
               "title":"Statue  3",
               "shortTitle":"Statue 3",
               "image":"0003/a03.jpg",
               "author":"Unknown",
               "description":"Museum is a building or institution that cares for and displays a collection of artifacts and other objects of artistic, cultural, historical, or scientific importance. Museum is a building or institution that cares for and displays a collection of artifacts and other objects of artistic, cultural, historical, or scientific importance. Museum is a building or institution that cares for and displays a collection of artifacts and other objects of artistic, cultural, historical, or scientific importance.",
               "gallery":[ "0003/g01.jpg"
               ]
            }            
         ]
   },
   "fr":{
      
         "name":"Musée de Benabbio",
         "description":"Musée de Benabbio: Tous mes sens sont émus d'une volupté douce et pure, comme l'haleine du matin dans cette saison délicieuse. Seul, au milieu d'une contrée qui semble fait exprès pour un coeur tel que mien, j'y goûte à longs traits l'ivresse de la vie.",
         "artworks":[
            {
               "id":"0001",
               "year": "1000",    
               "title":"Statue 1",
               "shortTitle":"Statue 1",
               "author":"Inconnu",
               "description":"Un musée est un bâtiment ou une institution qui conserve et expose une collection d'artefacts et d'autres objets d'importance artistique, culturelle, historique ou scientifique."
            },
            {
               "id":"0002",
               "author":"Inconnu",
               "year": "1000",    
               "title":"Statue 2",
               "shortTitle":"Statue 2",
               "description":"Un musée est un bâtiment ou une institution qui conserve et expose une collection d'artefacts et d'autres objets d'importance artistique, culturelle, historique ou scientifique. Un musée est un bâtiment ou une institution qui conserve et expose une collection d'artefacts et d'autres objets d'importance artistique, culturelle, historique ou scientifique."
            },
            {
               "id":"0003",
               "author":"Inconnu",
               "title":"Statue 3",
               "shortTitle":"Statue 3",
               "year": "1000",    
               "description":"Un musée est un bâtiment ou une institution qui conserve et expose une collection d'artefacts et d'autres objets d'importance artistique, culturelle, historique ou scientifique. Un musée est un bâtiment ou une institution qui conserve et expose une collection d'artefacts et d'autres objets d'importance artistique, culturelle, historique ou scientifique. Un musée est un bâtiment ou une institution qui conserve et expose une collection d'artefacts et d'autres objets d'importance artistique, culturelle, historique ou scientifique."
            }
        ]
   },
   "it":{
      
        "name":"Museo di Benabbio",
        "description":"Museo di Benabbio: La mia anima è pervasa da una mirabile serenità, simile a queste belle mattinate di maggio che io godo con tutto il cuore. Sono solo e mi rallegro di vivere in questo luogo che sembra esser creato per anime simili alla mia.",
        "artworks":[
            {
               "id":"0001",
               "year": "1000",    
               "author":"Sconosciuto",
               "title":"Statua 1",
               "shortTitle":"Statua 1",
               "description":"Il museo è un edificio o un'istituzione che si prende cura e mostra una collezione di manufatti e altri oggetti di importanza artistica, culturale, storica o scientifica."
            },
            {
               "id":"0002",
               "year": "1000",    
               "author":"Sconosciuto",
               "title":"Statua 2",
               "shortTitle":"Statua 2",
               "description":"Il museo è un edificio o un'istituzione che si prende cura e mostra una collezione di manufatti e altri oggetti di importanza artistica, culturale, storica o scientifica. Il museo è un edificio o un'istituzione che si prende cura e mostra una collezione di manufatti e altri oggetti di importanza artistica, culturale, storica o scientifica."
            },
            {
               "id":"0003",
               "year": "1000",    
               "author":"Unknown",
               "title":"Statua 3",
               "shortTitle":"Statua 3",
               "description":"Il museo è un edificio o un'istituzione che si prende cura e mostra una collezione di manufatti e altri oggetti di importanza artistica, culturale, storica o scientifica. Il museo è un edificio o un'istituzione che si prende cura e mostra una collezione di manufatti e altri oggetti di importanza artistica, culturale, storica o scientifica. Il museo è un edificio o un'istituzione che si prende cura e mostra una collezione di manufatti e altri oggetti di importanza artistica, culturale, storica o scientifica."
            }
        ]      
   }
}