{ 
   "en":{
         "id":"M002",
         "version": 1,         
         "uuid": "00000002-bbbb-cccc-dddd-eeeeeeeeeeee",
         "name":"Benabbio Museum",
         "image":"museo_benabbio.jpg",
         "description":"The Museum of Sacred Art of Benabbio (MABe) 1581, is the result of the secular evolution of the collection of historical-artistic treasures belonging to the Parish of Santa Maria Assunta in Benabbio. The museum organization project saw the light of day on 18 July 2010. The collection is now located in three locations: the Oratorio della Santissima Trinità, the main site of the museum, the Church of Santa Maria Assunta and the Oratorio del Santissimo Sacramento. The works on display cover a time span that goes from the late Middle Ages, with the wooden statues attributed to the workshop of Piero d'Angelo, to the full Renaissance, represented by the illustrious sculptor Matteo Civitali, up to eighteenth-century Neoclassicism painting. The oratory of the Holy Trinity dates back to 1581 and was implanted on a previous building, dating back to around 1338. The environment consists of a single large space. The back wall has a slight curvature to recall an apse to house the wooden altar. The little church was the headquarters of the Compagnia della Santissima Trinità which had the task of organizing the celebrations for the titular saint and taking care of welcoming pilgrims, for this very reason a small colonnade was created inside the building, which recalls the ancient porticoes of early Christian churches, intended precisely to welcome wayfarers and pilgrims.",
         "artworks":[
            {
               "id":"0001",
               "major": 1,
               "minors": [1],
               "year": "1394",    
               "title":"Wooden sculptural group of the Annunciation",
               "shortTitle":"Annunciation",
               "author":"Piero d’Angelo di Guarniero",
               "description":"In 1394 Pietro d'Angelo da Siena was commissioned a wooden sculptural group with the theme of the Annunciation for the Church of Santa Maria Assunta. The sculptor was the father of the more famous Jacopo della Quercia and with the help of his own sons he completed it. Unfortunately, the state of conservation of the works at the beginning of the 20th century was very bad: you can see various layers of non-authentic paint and attempts at restoration. It is hypothesized that some damage was also caused by the custom of dressing the statues for solemn celebrations and for this reason the arms had become removable. The artist's innovative style can be traced above all in the pattern of the drapery, whose folds are very spread out especially in the lower half of the body, a pattern of this type in the lower part of the figure, especially the virgin, which hides her anatomical shapes in a such as to enhance its status of purity and celestial elevation. The two characters hint at a small movement, as if to enter into dialogue with each other. Another interesting element is the fact that the clothes worn by the woman are not old-fashioned, but those typical of the noblewomen of the Tuscan courts of the time, in particular of the brides who used to wear the red dress; the angel who represents the divinity wears curial clothes",
               "gallery":[ "0001/01.jpg", "0001/02.jpg", "0001/03.jpg", "0001/04.jpg","0001/05.jpg","0001/06.jpg"]
            },
            {
               "id":"0002",
               "major": 2,
               "minors": [1],
               "title":"Wooden statue of St. Micele",
               "shortTitle":"St. Micele",
               "year": "End of the 14th century",    
               "author":"Workshop of Piero d'Angelo di Guarniero",
               "description":"All-round wooden sculpture, iconographically attributable to the Archangel Michael in the act of brandishing a sword. The weapon has now been lost. The sculpture was made from a single block of wood; it has been assumed that the statue rested on a base with the depiction of a lost snake. The latter was recently replaced by a neutral wooden base. On the back of the statue are clearly visible the joint holes for the wings, now absent, and the rings used during procession transport and exhibitions in the church. The archangel wears a cloak and robes richly decorated with polychrome pictorial motifs.",
               "gallery":[ "0002/01.jpg", "0002/02.jpg", "0002/03.jpg","0002/04.jpg","0002/05.jpg"]
            },
            {
               "id":"0003",
               "major": 3,
               "minors": [1],
               "year": "XVIII century",    
               "title":"Altar of the Most Holy Trinity",
               "shortTitle":"Altar",
               "author":"Lucca workshop",
               "description":"Dating back to the 80s of the sixteenth century, it was implanted on a previous building dating back to around 1338. The biggest change was the creation of a single room by opening the wall that separated the two rooms, creating a small porch that recalled the function ancient reception of small speakers spread throughout the area since ancient times. Furthermore, the end wall was slightly curved so that it resembled an apse and could house a new wooden altar which, however, went to cover the underlying frescoes which are now visible only in the central part of the altar. The original frescoes probably date back to 1606, but with the insertion of the new wooden altar in the Baroque era, the central part which was also the most significant was perhaps replaced with a painted altarpiece that reproduced its original appearance (entering in the exhibition hall on the left). The altarpiece by an unknown author represents the Trinity: the father holding the cross, the crucified son and the dove of the holy spirit, all three represented in a perfectly frontal way to highlight their importance; at the foot of the cross are the patrons of the work represented in profile because they are less important in the religious hierarchy.",
               "gallery":[ "0003/01.jpg", "0003/02.jpg","0003/03.jpg"]
            }            
         ]
   },
   "fr":{
      
         "name":"Musée de Benabbio",
         "description":"Musée de Benabbio: Tous mes sens sont émus d'une volupté douce et pure, comme l'haleine du matin dans cette saison délicieuse. Seul, au milieu d'une contrée qui semble fait exprès pour un coeur tel que mien, j'y goûte à longs traits l'ivresse de la vie.",
         "artworks":[
            {
               "id":"0001",
               "year": "1000",    
               "title":"Statue 1",
               "shortTitle":"Statue 1",
               "author":"Inconnu",
               "description":"Un musée est un bâtiment ou une institution qui conserve et expose une collection d'artefacts et d'autres objets d'importance artistique, culturelle, historique ou scientifique."
            },
            {
               "id":"0002",
               "author":"Inconnu",
               "year": "1000",    
               "title":"Statue 2",
               "shortTitle":"Statue 2",
               "description":"Un musée est un bâtiment ou une institution qui conserve et expose une collection d'artefacts et d'autres objets d'importance artistique, culturelle, historique ou scientifique. Un musée est un bâtiment ou une institution qui conserve et expose une collection d'artefacts et d'autres objets d'importance artistique, culturelle, historique ou scientifique."
            },
            {
               "id":"0003",
               "author":"Inconnu",
               "title":"Statue 3",
               "shortTitle":"Statue 3",
               "year": "1000",    
               "description":"Un musée est un bâtiment ou une institution qui conserve et expose une collection d'artefacts et d'autres objets d'importance artistique, culturelle, historique ou scientifique. Un musée est un bâtiment ou une institution qui conserve et expose une collection d'artefacts et d'autres objets d'importance artistique, culturelle, historique ou scientifique. Un musée est un bâtiment ou une institution qui conserve et expose une collection d'artefacts et d'autres objets d'importance artistique, culturelle, historique ou scientifique."
            }
        ]
   },
   "it":{
      
        "name":"Museo di Benabbio",
        "description":"Il Museo di Arte Sacra di Benabbio (MABe), è frutto dell’evoluzione secolare della raccolta di tesori storico-artistici, appartenenti alla Parrocchia di Santa Maria Assunta in Benabbio. Il progetto di organizzazione museale ha visto la luce il 18 Luglio 2010. La collezione è oggi dislocata fra tre sedi: l’Oratorio della Santissima Trinità, sede principale del museo, la Chiesa di Santa Maria Assunta e l’Oratorio del Santissimo Sacramento. Le opere in mostra ricoprono un arco temporale che va dal Basso Medioevo, con le statue lignee attribuite alla bottega di Piero d’Angelo, al pieno Rinascimento, rappresentato dall’illustre scultore Matteo Civitali, fino alla pittura del Neoclassicismo settecentesco. L’oratorio della Santissima Trinità è risalente al 1581 e fu impiantato su un edificio precedente, databile intorno al 1338. L’ambiente è costituito da un unico grande spazio. La parete di fondo presenta una leggera curvatura per richiamare un’abside per ospitare l’altare ligneo. La chiesetta ere sede della Compagnia della Santissima Trinità che aveva il compito di organizzare le celebrazioni per il santo titolare e di occuparsi dell’accoglienza dei pellegrini, proprio per questo motivo venne creato un piccolo colonnato, all’interno dell’edificio, che ricorda gli antichi portici delle chiese paleocristiane, destinati proprio ad accogliere viandanti e pellegrini.",
        "artworks":[
            {
               "id":"0001",
               "year": "1394",    
               "title":"Gruppo scultoreo ligneo dell’annunciazione",
               "shortTitle":"Annunciazione",
               "author":"Piero d’Angelo di Guarniero",
               "description":"Nel 1394 a Pietro d’Angelo da Siena viene commissionato per la Chiesa di Santa Maria Assunta un gruppo scultoreo ligneo con il tema dell’annunciazione. Lo scultore era padre del più celebre Jacopo della Quercia e con l’aiuto dei suoi stessi figli portò a termine. Purtroppo lo stato di conservazione delle opere all’inizio del ‘900 era pessimo: si vedono vari strati di vernice non autentici e tentativi di restauro. Si ipotizza che alcuni danni furono provocati anche dall’uso di vestire le statue per le feste solenni e per questo motivo le braccia erano divenute rimovibili. Lo stile innovativo dell’artista è rintracciabile soprattutto nell’andamento dei panneggi, le cui pieghe sono molto distese soprattutto nella metà inferiore del corpo, un andamento di questo tipo nella parte inferiore della figura soprattutto della vergine vanno a nascondere le sue forme anatomiche in modo tale da esaltarne lo status di purezza e di elevazione celeste. I due personaggi accennano un piccolo movimento, come a mettersi in dialogo l’una con l’altra. Un altro elemento interessante è il fatto che le vesti portate dalla donna non siano all’antica, bensì quelle tipiche delle nobildonne delle corti toscane dell’epoca, in particolare delle spose che usavano portare l’abito rosso; l’angelo che rappresenta la divinità indossa abiti curiali.",
            },
            {
               "id":"0002",
               "year": "Fine del XIV secolo",    
               "author":"Bottega di Piero d’Angelo di Guarniero",
               "title":"Statua lignea di S. Michele ",
               "shortTitle":"S. Michele",
               "description":"Scultura lignea a tutto tondo, iconograficamente riconducibile a San Michele arcangelo nell’atto di brandire la spada. L’arma ad oggi è andata perduta. La scultura è stata realizzata a partire da un unico blocco di legno; si è ipotizzato che la statua poggiasse su un basamento con la raffigurazione di un serpente andato perduto. Quest’ultimo è stato sostituito in tempi recenti da un basamento neutro in legno. Sul retro della statua sono ben visibili i fori d’incastro per le ali, oggi assenti, e gli anelli usati durante i trasporti in processione e le esposizioni in chiesa. L’arcangelo indossa un mantello e delle vesti riccamente decorate con motivi pittorici policromi. Il San Michele è stato recuperato dalla chiesa del castello di Benabbio in condizioni molto diverse da quelle attuali. Sopra il livello originario di policromia, infatti, era stato steso uno strato di gesso per cambiare la conformazione della veste del santo, rendendolo più piacevole per l’estetica del periodo. Il restauro ha reso possibile il recupero dell’aspetto trecentesco della statua."
            },
            {
               "id":"0003",
               "year": "XVIII secolo",    
               "author":"Bottega lucchese ",
               "title":"Altare della santissima Trinità",
               "shortTitle":"Altare",
               "description":"Risalente agli anni 80 del XVI secolo fu impiantato su un edificio precedente databile intorno al 1338. La più grande modifica apportata fu la creazione di un unico ambiente tramite l'apertura della parete che separava le due stanze, creando un piccolo porticato che ricordasse la funzione antica di accoglienza dei piccoli oratori diffusi in tutta la zona sin dall’antichità. Inoltre fu leggermente curvata la parete terminale affinché ricordasse un’abside e potesse ospitare un nuovo altare ligneo che andò però a coprire gli affreschi sottostanti che ora sono visibili soltanto nella parte centrale dell’altare. Gli affreschi originali sono probabilmente risalenti al 1606, ma con l’inserimento del nuovo altare ligneo in epoca barocca, la parte centrale che era anche la più significativa fu forse sostituita con una pala d’altare dipinta che ne riproducesse l’aspetto originale (entrando nella sala espositiva sulla sinistra). La pala di autore ignoto rappresenta la Trinità: il padre che regge la croce, il figlio crocifisso e la colomba dello spirito santo tutti e tre rappresentati in maniera perfettamente frontale per mettere in evidenza la loro importanza; ai piedi della croce si trovano poi i committenti dell’opera rappresentati di profilo perché meno importanti nella gerarchia religiosa."
            }
        ]      
   }
}